{
  "discount": "저평가 매물이 나오는 원인(급매/시장타이밍/객관분석)과 안전확인(등기/하자/입주)을 세트로 안내드립니다.",
  "sensitive": "등기/소송/경매/압류/세금/하자 등은 매물별 확인이 필요해 1:1 전문 상담으로 안내드립니다. (대표 010-8985-8945)",
  "education": "대치동 학군/학원가 동선 기준으로 대치아이파크·대치SK뷰·대치은마 중심으로 추천드립니다.",
  "deposit": "전세보증금은 면적/동/층/시점에 따라 달라집니다. 예산·입주일·우선순위를 주시면 3개 후보로 압축해드립니다.",
  "contract": "등기부/건축물대장/전입세대/특약(하자·입주일·해지조건) 체크가 핵심입니다."
}