{
  "시그니엘 레지던스": [
    {
      "id": "signiel1",
      "name": "시그니엘 89평 프리미엄 매물",
      "spec": "89평 · 1억 / 1,700만 · 프리미엄",
      "price": "1억 / 1,700만",
      "original": "협의",
      "discount": "-",
      "ml": 95,
      "badge": "premium",
      "features": "85층·103층 호텔 멤버십 무상 / 멀티뷰 파노라마 / 디자이너 풀옵션 인테리어"
    },
    {
      "id": "signiel2",
      "name": "시그니엘 88평 프리미엄 매물",
      "spec": "88평 · 고층 · 급매",
      "price": "69억",
      "original": "95억",
      "discount": "-27%",
      "ml": 93,
      "badge": "hot",
      "features": "항공멀티뷰 / 동북향 워커힐 한강뷰에서 남한산성 뷰까지 / 입주협의가능"
    },
    {
      "id": "signiel3",
      "name": "시그니엘 85평 월세",
      "spec": "85평 · 중층 · 입주협의",
      "price": "1억 / 1,650만",
      "original": "2,000만",
      "discount": "-17%",
      "ml": 90,
      "badge": "",
      "features": "한강뷰 확보 / 브랜드 프리미엄 / 주변 인프라 우수"
    }
  ],
  "대치SK뷰": [
    {
      "id": "sk1",
      "name": "대치SK뷰 33평 급매",
      "spec": "33평 · 중층 · 남향 · 대치역 도보 5분",
      "price": "38억",
      "original": "42억",
      "discount": "-9.5%",
      "ml": 92,
      "badge": "hot",
      "features": "학원가 초근접 / 대치역 역세권 / 2017년 신축 / 판상형 채광 우수"
    },
    {
      "id": "sk2",
      "name": "대치SK뷰 26평형 인기타입",
      "spec": "26평형 · 동남향 · 저층 · 방3화2",
      "price": "10억 / 150만",
      "original": "160만",
      "discount": "-6%",
      "ml": 88,
      "badge": "",
      "features": "입주바로가능 / 30평대 키친공간 / 넓은 수납과 다용도실 / 지하 세대창고 / 대치초 배정 인기짱"
    },
    {
      "id": "sk3",
      "name": "대치SK뷰 37평형 방4",
      "spec": "37평형 · 저층 · 가성비",
      "price": "8억 / 530만",
      "original": "550만",
      "discount": "-3.6%",
      "ml": 84,
      "badge": "",
      "features": "넓은 구조 가성비 좋음 / 대청중, 단대부중고, 숙명여고 인근 학교 배정"
    }
  ],
  "대치은마아파트": [
    {
      "id": "eunma1",
      "name": "대치은마 31평 급매",
      "spec": "31평 · 중층 · 남향 · 대치동 중심",
      "price": "36.5억",
      "original": "40억",
      "discount": "-8.7%",
      "ml": 90,
      "badge": "hot",
      "features": "대치동 중심 입지 / 교육환경 최고 / 재건축 기대"
    },
    {
      "id": "eunma2",
      "name": "대치은마 31평 고층뷰",
      "spec": "31평 · 고층 · 남향 · 조망 우수",
      "price": "38억",
      "original": "41억",
      "discount": "-7.3%",
      "ml": 87,
      "badge": "",
      "features": "고층 조망권 / 리모델링 완료 / 깔끔한 상태"
    },
    {
      "id": "eunma3",
      "name": "대치은마 34평 넓은평형",
      "spec": "34평 · 남향 · 중층",
      "price": "41억",
      "original": "44억",
      "discount": "-6.8%",
      "ml": 89,
      "badge": "",
      "features": "넓은 평형 / 구조 우수 / 채광 양호 / 재건축 기대주"
    }
  ],
  "대치아이파크": [
    {
      "id": "ipark1",
      "name": "대치아이파크 56평 펜트하우스",
      "spec": "56평 · 고층 · 남향 · 명문학군",
      "price": "59억",
      "original": "65억",
      "discount": "-9.2%",
      "ml": 86,
      "badge": "premium",
      "features": "로얄동 로얄층 / 대도초 통학권 / 확트인 조망 확보"
    },
    {
      "id": "ipark2",
      "name": "대치아이파크 33평 인기형",
      "spec": "33평 · 고층 · 남향 · 조망 우수",
      "price": "40억",
      "original": "43억",
      "discount": "-7.0%",
      "ml": 83,
      "badge": "",
      "features": "숙명여고 근처 / 아이파크 브랜드 / 관리 우수"
    },
    {
      "id": "ipark3",
      "name": "대치아이파크 32평 실속형",
      "spec": "32평 · 저층 · 남향 · 가성비",
      "price": "38억",
      "original": "40억",
      "discount": "-5.0%",
      "ml": 81,
      "badge": "",
      "features": "합리적 가격 / 입주 가능 / 깔끔한 상태"
    }
  ],
  "대치팰리스": [
    {
      "id": "palace1",
      "name": "대치팰리스 36평 주상복합",
      "spec": "36평 · 중층 · 남향 · 대치중심",
      "price": "46억",
      "original": "49억",
      "discount": "-6.1%",
      "ml": 79,
      "badge": "",
      "features": "주상복합 편의 / 대형마트 인접 / 교통 편리"
    },
    {
      "id": "palace2",
      "name": "대치팰리스 34평 고층뷰",
      "spec": "34평 · 고층 · 남향 · 한강조망",
      "price": "44억",
      "original": "46억",
      "discount": "-4.3%",
      "ml": 76,
      "badge": "",
      "features": "한강뷰 / 고층 프리미엄 / 조망권 확보"
    },
    {
      "id": "palace3",
      "name": "대치팰리스 33평 실용형",
      "spec": "33평 · 저층 · 남향 · 조용함",
      "price": "42억",
      "original": "44억",
      "discount": "-4.5%",
      "ml": 74,
      "badge": "",
      "features": "저층 조용 / 실용적 구조 / 가성비"
    }
  ],
  "삼환아르누보2": [
    {
      "id": "arnuvo1",
      "name": "삼환아르누보 17평형 매매",
      "spec": "17평형 · 서향 · 고층",
      "price": "4.6억",
      "original": "4.9억",
      "discount": "-6.1%",
      "ml": 77,
      "badge": "",
      "features": "임대수요대기 / 대치동 학군 및 학원가 유일 오피스텔 / 렌트수요 항시대기"
    },
    {
      "id": "arnuvo2",
      "name": "삼환아르누보 17평형 복층",
      "spec": "17평형 · 복층형 · 고층",
      "price": "1,000만 / 122만",
      "original": "130만",
      "discount": "-6.1%",
      "ml": 75,
      "badge": "",
      "features": "입주협의가능 / 고층 뷰 탁트임 / 학원가 메인 / 주거전용 선호 임대물건"
    },
    {
      "id": "arnuvo3",
      "name": "삼환아르누보 18평형 복층",
      "spec": "18평형 · 복층구조 · 2룸 확장형",
      "price": "2,000만 / 200만",
      "original": "220만",
      "discount": "-9%",
      "ml": 73,
      "badge": "",
      "features": "확장형 / 롯데월드타워 뷰 / 탁트인 전망이 좋은 매물"
    }
  ]
}